10.5858/2006-130-1466-GSTROM	No PDF
10.2217/fon-2020-0348	No PDF
10.3748/wjg.v21.i8.2303	No PDF
10.18632/oncotarget.16014	No PDF
10.1016/j.biocel.2014.05.033	No PDF
10.3390/ijms21186975	No PDF
10.1051/medsci/2013296016	No PDF
10.3389/fonc.2021.672500	No PDF
10.1684/bdc.2010.1214	No PDF
10.1007/s00428-009-0828-5	No PDF
10.1177/17562848211008177	No PDF
10.1182/blood-2003-06-1824	No PDF
10.3390/ijms160715592	No PDF
10.1002/cncr.21419	No PDF
10.1002/path.2798	No PDF
10.1172/JCI30491	No PDF
10.1146/annurev-med-043010-091813	No PDF
10.1016/j.esmoop.2021.100159	No PDF
10.1186/s40880-016-0131-1	No PDF
10.1007/s40265-015-0440-8	No PDF
10.1111/j.1582-4934.2011.01415.x	No PDF
10.47162/RJME.61.2.03	No PDF
10.1002/cncr.20211	No PDF
10.3389/fendo.2021.680609	No PDF
10.1093/annonc/mdi127	No PDF
